<?xml version="1.0" encoding="UTF-8"?>
<!DOCTYPE plist PUBLIC "-//Apple Computer//DTD PLIST 1.0//EN" "http://www.apple.com/DTDs/PropertyList-1.0.dtd">
<plist version="1.0">
<dict>
	<key>CFBundleDevelopmentRegion</key>
	<string>English</string>
	<key>CFBundleExecutable</key>
	<string>sil</string>
	<key>CFBundleIconFile</key>
	<string>Sil_Icons</string>
	<key>CFBundleIdentifier</key>
	<string>net.amirrorclear.Sil</string>
	<key>CFBundleInfoDictionaryVersion</key>
	<string>6.0</string>
	<key>CFBundlePackageType</key>
	<string>APPL</string>
	<key>CFBundleShortVersionString</key>
	<string>1.3.0</string>
	<key>CFBundleSignature</key>
	<string>Sil1</string>
	<key>CFBundleVersion</key>
	<string>1.3.0</string>
	<key>CGDisableCoalescedUpdates</key>
	<true/>
	<key>NSMainNibFile</key>
	<string>MainMenu</string>
	<key>NSPrincipalClass</key>
	<string>NSApplication</string>
    <key>CFBundleDocumentTypes</key>
    <array>
        <dict>
            <key>CFBundleTypeExtensions</key>
            <array>
                <string>*</string>
            </array>
            <key>CFBundleTypeIconFile</key>
            <string>Save</string>
            <key>CFBundleTypeName</key>
            <string>Sil saved game</string>
            <key>CFBundleTypeOSTypes</key>
            <array>
                <string>SAVE</string>
            </array>
            <key>CFBundleTypeRole</key>
            <string>Editor</string>
        </dict>
        <dict>
            <key>CFBundleTypeExtensions</key>
            <array>
                <string>*</string>
            </array>
            <key>CFBundleTypeIconFile</key>
            <string>Edit</string>
            <key>CFBundleTypeName</key>
            <string>Sil game data</string>
            <key>CFBundleTypeOSTypes</key>
            <array>
                <string>TEXT</string>
            </array>
            <key>CFBundleTypeRole</key>
            <string>Editor</string>
        </dict>
        <dict>
            <key>CFBundleTypeExtensions</key>
            <array>
                <string>*</string>
            </array>
            <key>CFBundleTypeIconFile</key>
            <string>Data</string>
            <key>CFBundleTypeName</key>
            <string>Sil game data</string>
            <key>CFBundleTypeOSTypes</key>
            <array>
                <string>DATA</string>
            </array>
            <key>CFBundleTypeRole</key>
            <string>Editor</string>
        </dict>
    </array>
</dict>
</plist>
